{
  "analysis_date": "2025-10-14T17:01:13.297536",
  "total_days": 6794,
  "total_matches": 244584,
  "strategies_analyzed": 9,
  "correlations": {
    "sharpe_vs_elo": -0.5813334099920728,
    "sharpe_vs_return": 0.5501987184332245,
    "elo_vs_return": -0.6967686245829308
  },
  "top_performers": {
    "by_sharpe": [
      "BuyAndHold",
      "LowVol_20d",
      "FadeExtremes_63d"
    ],
    "by_return": [
      "BuyAndHold",
      "LowVol_20d",
      "MomXover_20_50"
    ],
    "by_elo": [
      "MeanReversion_20d",
      "TrendFollow_50d",
      "MomXover_20_50"
    ]
  },
  "strategy_performance": {
    "BuyAndHold": {
      "initial_capital": 100000,
      "current_capital": 375172.5899691598,
      "total_return_pct": 2.751725899691598,
      "total_return_money": 275172.5899691598,
      "sharpe_ratio": 0.5004228267097193,
      "max_drawdown": -0.3472120276048445,
      "win_rate": 0.48936561672063583,
      "total_matches": 54352,
      "wins": 26598,
      "losses": 27619,
      "draws": 135,
      "final_mu": 1369.6100209229835,
      "final_sigma": 63.075910916831575,
      "mu_evolution": [],
      "sigma_evolution": []
    },
    "TrendFollow_50d": {
      "initial_capital": 100000,
      "current_capital": 81265.16554471829,
      "total_return_pct": -0.18734834455281713,
      "total_return_money": -18734.834455281714,
      "sharpe_ratio": -0.28719938853863913,
      "max_drawdown": -0.25479305907988337,
      "win_rate": 0.483772446276126,
      "total_matches": 54352,
      "wins": 26294,
      "losses": 28016,
      "draws": 42,
      "final_mu": 1629.833236111759,
      "final_sigma": 63.075910916831575,
      "mu_evolution": [],
      "sigma_evolution": []
    },
    "MeanReversion_20d": {
      "initial_capital": 100000,
      "current_capital": -138752.61776143333,
      "total_return_pct": -2.3875261776143333,
      "total_return_money": -238752.61776143333,
      "sharpe_ratio": -0.07482977549614915,
      "max_drawdown": -2.387121786831654,
      "win_rate": 0.5695098616426258,
      "total_matches": 54352,
      "wins": 30954,
      "losses": 23365,
      "draws": 33,
      "final_mu": 1677.5765605232752,
      "final_sigma": 63.075910916831575,
      "mu_evolution": [],
      "sigma_evolution": []
    },
    "LowVol_20d": {
      "initial_capital": 100000,
      "current_capital": 241519.41265139767,
      "total_return_pct": 1.4151941265139767,
      "total_return_money": 141519.41265139767,
      "sharpe_ratio": 0.35052736846126165,
      "max_drawdown": -0.48994173945543584,
      "win_rate": 0.4882617015013247,
      "total_matches": 54352,
      "wins": 26538,
      "losses": 27719,
      "draws": 95,
      "final_mu": 1410.432853563029,
      "final_sigma": 63.075910916831575,
      "mu_evolution": [],
      "sigma_evolution": []
    },
    "VolBreakout_20d": {
      "initial_capital": 100000,
      "current_capital": -71610.83476037046,
      "total_return_pct": -1.7161083476037047,
      "total_return_money": -171610.83476037046,
      "sharpe_ratio": 0.23245653204138417,
      "max_drawdown": -1.6816497479932297,
      "win_rate": 0.5191713276420371,
      "total_matches": 54352,
      "wins": 28218,
      "losses": 25985,
      "draws": 149,
      "final_mu": 1550.2405801589364,
      "final_sigma": 63.075910916831575,
      "mu_evolution": [],
      "sigma_evolution": []
    },
    "FadeExtremes_63d": {
      "initial_capital": 100000,
      "current_capital": 135025.85053592565,
      "total_return_pct": 0.3502585053592564,
      "total_return_money": 35025.85053592565,
      "sharpe_ratio": 0.2924619268654978,
      "max_drawdown": -0.21559905172748942,
      "win_rate": 0.4894944068295555,
      "total_matches": 54352,
      "wins": 26605,
      "losses": 27598,
      "draws": 149,
      "final_mu": 1448.128936611905,
      "final_sigma": 63.075910916831575,
      "mu_evolution": [],
      "sigma_evolution": []
    },
    "MomXover_20_50": {
      "initial_capital": 100000,
      "current_capital": 184036.3494759384,
      "total_return_pct": 0.8403634947593839,
      "total_return_money": 84036.34947593839,
      "sharpe_ratio": 0.2692946347580328,
      "max_drawdown": -0.39393964190530006,
      "win_rate": 0.5040660877244627,
      "total_matches": 54352,
      "wins": 27397,
      "losses": 26816,
      "draws": 139,
      "final_mu": 1588.693108473055,
      "final_sigma": 63.075910916831575,
      "mu_evolution": [],
      "sigma_evolution": []
    },
    "RSI_14": {
      "initial_capital": 100000,
      "current_capital": 141629.8141729184,
      "total_return_pct": 0.4162981417291842,
      "total_return_money": 41629.81417291841,
      "sharpe_ratio": 0.16293798958785632,
      "max_drawdown": -0.44929070745441685,
      "win_rate": 0.4432219605534295,
      "total_matches": 54352,
      "wins": 24090,
      "losses": 30223,
      "draws": 39,
      "final_mu": 1325.980201952943,
      "final_sigma": 63.075910916831575,
      "mu_evolution": [],
      "sigma_evolution": []
    },
    "RangeBreak_20d": {
      "initial_capital": 100000,
      "current_capital": 89481.52685068603,
      "total_return_pct": -0.10518473149313967,
      "total_return_money": -10518.47314931397,
      "sharpe_ratio": -0.33027359290527014,
      "max_drawdown": -0.11764018602625696,
      "win_rate": 0.5045812481601413,
      "total_matches": 54352,
      "wins": 27425,
      "losses": 26778,
      "draws": 149,
      "final_mu": 1516.7952543651409,
      "final_sigma": 63.075910916831575,
      "mu_evolution": [],
      "sigma_evolution": []
    }
  }
}