{
  "mean_spread": -0.007046953688585318,
  "t_stat": -1.9497444831839923,
  "p_value": 0.9739278720992519,
  "win_rate": 0.5551839464882943
}